user_id,first_name,last_name,email,phone
100,UserFirstName_0,UserLastName_0,student_0@floridapoly.edu,863-555-0000
101,UserFirstName_1,UserLastName_1,student_1@floridapoly.edu,863-555-0001
102,UserFirstName_2,UserLastName_2,student_2@floridapoly.edu,863-555-0002
103,UserFirstName_3,UserLastName_3,student_3@floridapoly.edu,863-555-0003
104,UserFirstName_4,UserLastName_4,student_4@floridapoly.edu,863-555-0004
105,UserFirstName_5,UserLastName_5,student_5@floridapoly.edu,863-555-0005
106,UserFirstName_6,UserLastName_6,student_6@floridapoly.edu,863-555-0006
107,UserFirstName_7,UserLastName_7,student_7@floridapoly.edu,863-555-0007
108,UserFirstName_8,UserLastName_8,student_8@floridapoly.edu,863-555-0008
109,UserFirstName_9,UserLastName_9,student_9@floridapoly.edu,863-555-0009
110,UserFirstName_10,UserLastName_10,student_10@floridapoly.edu,863-555-0010
111,UserFirstName_11,UserLastName_11,student_11@floridapoly.edu,863-555-0011
112,UserFirstName_12,UserLastName_12,student_12@floridapoly.edu,863-555-0012
113,UserFirstName_13,UserLastName_13,student_13@floridapoly.edu,863-555-0013
114,UserFirstName_14,UserLastName_14,student_14@floridapoly.edu,863-555-0014
115,UserFirstName_15,UserLastName_15,student_15@floridapoly.edu,863-555-0015
116,UserFirstName_16,UserLastName_16,student_16@floridapoly.edu,863-555-0016
117,UserFirstName_17,UserLastName_17,student_17@floridapoly.edu,863-555-0017
118,UserFirstName_18,UserLastName_18,student_18@floridapoly.edu,863-555-0018
119,UserFirstName_19,UserLastName_19,student_19@floridapoly.edu,863-555-0019
120,UserFirstName_20,UserLastName_20,student_20@floridapoly.edu,863-555-0020
121,UserFirstName_21,UserLastName_21,student_21@floridapoly.edu,863-555-0021
122,UserFirstName_22,UserLastName_22,student_22@floridapoly.edu,863-555-0022
123,UserFirstName_23,UserLastName_23,student_23@floridapoly.edu,863-555-0023
124,UserFirstName_24,UserLastName_24,student_24@floridapoly.edu,863-555-0024
125,UserFirstName_25,UserLastName_25,student_25@floridapoly.edu,863-555-0025
126,UserFirstName_26,UserLastName_26,student_26@floridapoly.edu,863-555-0026
127,UserFirstName_27,UserLastName_27,student_27@floridapoly.edu,863-555-0027
128,UserFirstName_28,UserLastName_28,student_28@floridapoly.edu,863-555-0028
129,UserFirstName_29,UserLastName_29,student_29@floridapoly.edu,863-555-0029
130,UserFirstName_30,UserLastName_30,student_30@floridapoly.edu,863-555-0030
131,UserFirstName_31,UserLastName_31,student_31@floridapoly.edu,863-555-0031
132,UserFirstName_32,UserLastName_32,student_32@floridapoly.edu,863-555-0032
133,UserFirstName_33,UserLastName_33,student_33@floridapoly.edu,863-555-0033
134,UserFirstName_34,UserLastName_34,student_34@floridapoly.edu,863-555-0034
135,UserFirstName_35,UserLastName_35,student_35@floridapoly.edu,863-555-0035
136,UserFirstName_36,UserLastName_36,student_36@floridapoly.edu,863-555-0036
137,UserFirstName_37,UserLastName_37,student_37@floridapoly.edu,863-555-0037
138,UserFirstName_38,UserLastName_38,student_38@floridapoly.edu,863-555-0038
139,UserFirstName_39,UserLastName_39,student_39@floridapoly.edu,863-555-0039
140,UserFirstName_40,UserLastName_40,student_40@floridapoly.edu,863-555-0040
141,UserFirstName_41,UserLastName_41,student_41@floridapoly.edu,863-555-0041
142,UserFirstName_42,UserLastName_42,student_42@floridapoly.edu,863-555-0042
143,UserFirstName_43,UserLastName_43,student_43@floridapoly.edu,863-555-0043
144,UserFirstName_44,UserLastName_44,student_44@floridapoly.edu,863-555-0044
145,UserFirstName_45,UserLastName_45,student_45@floridapoly.edu,863-555-0045
146,UserFirstName_46,UserLastName_46,student_46@floridapoly.edu,863-555-0046
147,UserFirstName_47,UserLastName_47,student_47@floridapoly.edu,863-555-0047
148,UserFirstName_48,UserLastName_48,student_48@floridapoly.edu,863-555-0048
149,UserFirstName_49,UserLastName_49,student_49@floridapoly.edu,863-555-0049
150,UserFirstName_50,UserLastName_50,student_50@floridapoly.edu,863-555-0050
151,UserFirstName_51,UserLastName_51,student_51@floridapoly.edu,863-555-0051
152,UserFirstName_52,UserLastName_52,student_52@floridapoly.edu,863-555-0052
153,UserFirstName_53,UserLastName_53,student_53@floridapoly.edu,863-555-0053
154,UserFirstName_54,UserLastName_54,student_54@floridapoly.edu,863-555-0054
155,UserFirstName_55,UserLastName_55,student_55@floridapoly.edu,863-555-0055
156,UserFirstName_56,UserLastName_56,student_56@floridapoly.edu,863-555-0056
157,UserFirstName_57,UserLastName_57,student_57@floridapoly.edu,863-555-0057
158,UserFirstName_58,UserLastName_58,student_58@floridapoly.edu,863-555-0058
159,UserFirstName_59,UserLastName_59,student_59@floridapoly.edu,863-555-0059
160,UserFirstName_60,UserLastName_60,student_60@floridapoly.edu,863-555-0060
161,UserFirstName_61,UserLastName_61,student_61@floridapoly.edu,863-555-0061
162,UserFirstName_62,UserLastName_62,student_62@floridapoly.edu,863-555-0062
163,UserFirstName_63,UserLastName_63,student_63@floridapoly.edu,863-555-0063
164,UserFirstName_64,UserLastName_64,student_64@floridapoly.edu,863-555-0064
165,UserFirstName_65,UserLastName_65,student_65@floridapoly.edu,863-555-0065
166,UserFirstName_66,UserLastName_66,student_66@floridapoly.edu,863-555-0066
167,UserFirstName_67,UserLastName_67,student_67@floridapoly.edu,863-555-0067
168,UserFirstName_68,UserLastName_68,student_68@floridapoly.edu,863-555-0068
169,UserFirstName_69,UserLastName_69,student_69@floridapoly.edu,863-555-0069
170,UserFirstName_70,UserLastName_70,student_70@floridapoly.edu,863-555-0070
171,UserFirstName_71,UserLastName_71,student_71@floridapoly.edu,863-555-0071
172,UserFirstName_72,UserLastName_72,student_72@floridapoly.edu,863-555-0072
173,UserFirstName_73,UserLastName_73,student_73@floridapoly.edu,863-555-0073
174,UserFirstName_74,UserLastName_74,student_74@floridapoly.edu,863-555-0074
175,UserFirstName_75,UserLastName_75,student_75@floridapoly.edu,863-555-0075
176,UserFirstName_76,UserLastName_76,student_76@floridapoly.edu,863-555-0076
177,UserFirstName_77,UserLastName_77,student_77@floridapoly.edu,863-555-0077
178,UserFirstName_78,UserLastName_78,student_78@floridapoly.edu,863-555-0078
179,UserFirstName_79,UserLastName_79,student_79@floridapoly.edu,863-555-0079
180,UserFirstName_80,UserLastName_80,student_80@floridapoly.edu,863-555-0080
181,UserFirstName_81,UserLastName_81,student_81@floridapoly.edu,863-555-0081
182,UserFirstName_82,UserLastName_82,student_82@floridapoly.edu,863-555-0082
183,UserFirstName_83,UserLastName_83,student_83@floridapoly.edu,863-555-0083
184,UserFirstName_84,UserLastName_84,student_84@floridapoly.edu,863-555-0084
185,UserFirstName_85,UserLastName_85,student_85@floridapoly.edu,863-555-0085
186,UserFirstName_86,UserLastName_86,student_86@floridapoly.edu,863-555-0086
187,UserFirstName_87,UserLastName_87,student_87@floridapoly.edu,863-555-0087
188,UserFirstName_88,UserLastName_88,student_88@floridapoly.edu,863-555-0088
189,UserFirstName_89,UserLastName_89,student_89@floridapoly.edu,863-555-0089
190,UserFirstName_90,UserLastName_90,student_90@floridapoly.edu,863-555-0090
191,UserFirstName_91,UserLastName_91,student_91@floridapoly.edu,863-555-0091
192,UserFirstName_92,UserLastName_92,student_92@floridapoly.edu,863-555-0092
193,UserFirstName_93,UserLastName_93,student_93@floridapoly.edu,863-555-0093
194,UserFirstName_94,UserLastName_94,student_94@floridapoly.edu,863-555-0094
195,UserFirstName_95,UserLastName_95,student_95@floridapoly.edu,863-555-0095
196,UserFirstName_96,UserLastName_96,student_96@floridapoly.edu,863-555-0096
197,UserFirstName_97,UserLastName_97,student_97@floridapoly.edu,863-555-0097
198,UserFirstName_98,UserLastName_98,student_98@floridapoly.edu,863-555-0098
199,UserFirstName_99,UserLastName_99,student_99@floridapoly.edu,863-555-0099
